{"phones": ["a", "a1", "a2", "a3", "a4", "a5", "ai", "ai1", "ai2", "ai3", "ai4", "ai5", "ao", "ao1", "ao2", "ao3", "ao4", "ao5", "b", "c", "ch", "d", "e", "e1", "e2", "e3", "e4", "e5", "ei", "ei1", "ei2", "ei3", "ei4", "f", "g", "h", "i", "i1", "i2", "i3", "i4", "i5", "ia", "ia1", "ia2", "ia3", "ia4", "ia5", "iao", "iao1", "iao2", "iao3", "iao4", "ie", "ie1", "ie2", "ie3", "ie4", "ie5", "ii", "ii1", "ii2", "ii3", "ii4", "ii5", "io", "io1", "io2", "io3", "io4", "iou", "iou1", "iou2", "iou3", "iou4", "j", "k", "l", "m", "n", "ng", "o", "o1", "o2", "o3", "o4", "o5", "ou", "ou1", "ou2", "ou3", "ou4", "ou5", "p", "q", "r", "s", "sh", "t", "u", "u1", "u2", "u3", "u4", "u5", "ua", "ua1", "ua2", "ua3", "ua4", "ua5", "uai", "uai1", "uai2", "uai3", "uai4", "ue", "ue1", "ue2", "ue3", "ue4", "ue5", "uei", "uei1", "uei2", "uei3", "uei4", "uei5", "uo", "uo1", "uo2", "uo3", "uo4", "uo5", "v", "v1", "v2", "v3", "v4", "v5", "va", "va1", "va2", "va3", "va4", "ve", "ve1", "ve2", "ve3", "ve4", "x", "z", "zh"], "version": "2.0.6", "architecture": "gmm-hmm", "train_date": "2022-10-09 15:58:48.517009", "training": {"audio_duration": 394921.6540000016, "num_speakers": 1, "num_utterances": 102545, "num_oovs": 0, "average_log_likelihood": -0.007190860877097356}, "dictionaries": {"names": ["pinyin-lexicon_with_tab"], "default": "pinyin-lexicon_with_tab", "silence_word": "<eps>", "use_g2p": false, "oov_word": "<unk>", "bracketed_word": "[bracketed]", "laughter_word": "[laughter]", "position_dependent_phones": true, "clitic_marker": "'"}, "features": {"type": "mfcc", "use_energy": false, "frame_shift": 10, "frame_length": 25, "snip_edges": true, "low_frequency": 20, "high_frequency": 7800, "sample_frequency": 16000, "allow_downsample": true, "allow_upsample": true, "uses_cmvn": true, "uses_deltas": true, "uses_voiced": false, "uses_splices": false, "uses_speaker_adaptation": true, "use_pitch": false, "min_f0": 50, "max_f0": 500, "delta_pitch": 0.005, "penalty_factor": 0.1}, "oov_phone": "spn", "optional_silence_phone": "sil", "phone_set_type": "PINYIN", "silence_probability": 0.20987667430787751, "initial_silence_probability": 0.21, "final_silence_correction": 4.34, "final_non_silence_correction": 0.01}